shortlist_order,shortlist_id,candidate_id,category,category_zh,name_local,name,xaero_name,xaero_x,xaero_y,xaero_z,mc_x,mc_z,lat,lon,osm_ref,osm_version,osm_timestamp_utc,review_status
1,ueno-shortlist-01,ueno-osm-candidate-001,culture,文化 / 展览 / 娱乐,Ame Yocco Market,Ame Yocco Market,U01 Ame Yocco Market,-1185,-8,551,-1184.9,550.8,35.7089093,139.7747832,node/5793910853,1,2018-07-29T14:16:48Z,pending_human_minecraft_confirmation
2,ueno-shortlist-02,ueno-osm-candidate-003,culture,文化 / 展览 / 娱乐,アメヤ横丁,Ameya-Yokochō,U02 アメヤ横丁,-1324,-4,579,-1321.9,579.4,35.7100592,139.7745428,node/4496960001,5,2024-09-03T18:05:54Z,pending_human_minecraft_confirmation
3,ueno-shortlist-03,ueno-osm-candidate-005,culture,文化 / 展览 / 娱乐,お江戸上野広小路亭,Oedo Ueno-hirokoji Tei,U03 お江戸上野広小路亭,-1067,-7,744,-1056.1,744.5,35.7078973,139.7727462,node/3397736971,3,2019-06-12T05:15:14Z,pending_human_minecraft_confirmation
4,ueno-shortlist-04,ueno-osm-candidate-006,culture,文化 / 展览 / 娱乐,オークラシアター,Okura Theater,U04 オークラシアター,-1359,-4,708,-1358.0,709.2,35.710401,139.7732259,way/175407654,7,2023-09-11T11:16:50Z,pending_human_minecraft_confirmation
5,ueno-shortlist-05,ueno-osm-candidate-008,culture,文化 / 展览 / 娱乐,下町風俗資料館,Shitamachi Museum,U05 下町風俗資料館,-1321,-7,798,-1320.9,797.8,35.7101195,139.7723027,way/145344198,29,2023-11-09T06:35:32Z,pending_human_minecraft_confirmation
6,ueno-shortlist-06,ueno-osm-candidate-010,culture,文化 / 展览 / 娱乐,鈴本演芸場,Suzumoto Entertainment Hall,U06 鈴本演芸場,-1200,-7,714,-1210.1,721.2,35.709173,139.7730454,node/1828058916,3,2021-10-25T13:31:25Z,pending_human_minecraft_confirmation
7,ueno-shortlist-07,ueno-osm-candidate-011,culture,文化 / 展览 / 娱乐,Taito Station,Taito Station,U07 Taito Station,-1170,-7,613,-1169.9,613.1,35.708804,139.774138,node/10692944607,2,2023-07-27T12:19:35Z,pending_human_minecraft_confirmation
8,ueno-shortlist-08,ueno-osm-candidate-012,culture,文化 / 展览 / 娱乐,上野恩賜公園野外ステージ（水上音楽堂）,Ueno Imperial Grant Park Open-Air Stage,U08 上野恩賜公園野外ステージ（水上音楽堂）,-1269,-6,980,-1268.9,980.2,35.7097445,139.7704105,way/145344116,25,2023-08-22T03:37:39Z,pending_human_minecraft_confirmation
9,ueno-shortlist-09,ueno-osm-candidate-013,culture,文化 / 展览 / 娱乐,びわ湖長浜観音ハウス,びわ湖長浜観音ハウス,U09 びわ湖長浜観音ハウス,-1457,-6,731,-1457.3,730.6,35.7112349,139.7730445,node/4987573179,1,2017-07-23T05:52:07Z,pending_human_minecraft_confirmation
10,ueno-shortlist-10,ueno-osm-candidate-014,culture,文化 / 展览 / 娱乐,アートスペース喜屋,アートスペース喜屋,U10 アートスペース喜屋,-1171,-6,937,-1169.7,936.4,35.7089044,139.7708217,node/5235896225,1,2017-11-18T06:38:24Z,pending_human_minecraft_confirmation
11,ueno-shortlist-11,ueno-osm-candidate-017,transport,交通 / 车站 / 路口,京成上野駅,Keisei Ueno Station,U11 京成上野駅,-1449,-5,646,-1448.7,645.6,35.7111363,139.7739137,node/3259269217,4,2019-12-07T20:37:42Z,pending_human_minecraft_confirmation
12,ueno-shortlist-12,ueno-osm-candidate-018,transport,交通 / 车站 / 路口,京成上野,Keisei-Ueno,U12 京成上野,-1424,-5,684,-1423.7,684.5,35.7109406,139.7735044,node/2407466991,18,2020-10-25T08:13:58Z,pending_human_minecraft_confirmation
13,ueno-shortlist-13,ueno-osm-candidate-019,transport,交通 / 车站 / 路口,不忍池自転車駐車場,Shinobazu Pond Bicycle Parking,U13 不忍池自転車駐車場,-1318,-6,749,-1318.5,749.7,35.7100848,139.772795,node/3395310508,5,2019-09-28T12:12:26Z,pending_human_minecraft_confirmation
14,ueno-shortlist-14,ueno-osm-candidate-020,transport,交通 / 车站 / 路口,Skyliner,Skyliner,U14 Skyliner,-1433,-6,592,-1433.4,591.7,35.710992,139.7744597,node/4569012091,2,2020-01-19T18:55:27Z,pending_human_minecraft_confirmation
15,ueno-shortlist-15,ueno-osm-candidate-022,transport,交通 / 车站 / 路口,上野四丁目,Ueno 4,U15 上野四丁目,-1282,-6,674,-1281.6,673.8,35.7097529,139.7735592,node/3395310509,6,2022-01-10T12:25:34Z,pending_human_minecraft_confirmation
16,ueno-shortlist-16,ueno-osm-candidate-023,transport,交通 / 车站 / 路口,上野公園,Ueno Park,U16 上野公園,-1278,-6,834,-1278.0,834.3,35.7097739,139.7719114,node/9407435612,2,2022-10-18T13:00:03Z,pending_human_minecraft_confirmation
17,ueno-shortlist-17,ueno-osm-candidate-024,transport,交通 / 车站 / 路口,上野広小路,Ueno-hirokoji,U17 上野広小路,-1070,-7,791,-1066.7,791.4,35.708,139.7722688,node/9407435609,1,2022-01-10T12:25:34Z,pending_human_minecraft_confirmation
18,ueno-shortlist-18,ueno-osm-candidate-025,transport,交通 / 车站 / 路口,上野御徒町,Ueno-okachimachi,U18 上野御徒町,-1068,-7,691,-1067.6,691.0,35.7079766,139.7732996,node/6199814789,6,2021-03-11T05:37:21Z,pending_human_minecraft_confirmation
19,ueno-shortlist-19,ueno-osm-candidate-028,transport,交通 / 车站 / 路口,湯島駅,Yushima Station,U19 湯島駅,-1118,-6,997,-1105.5,998.9,35.708389,139.7701555,node/2192127858,10,2023-07-23T23:20:12Z,pending_human_minecraft_confirmation
20,ueno-shortlist-20,ueno-osm-candidate-030,transport,交通 / 车站 / 路口,水上音楽堂前,水上音楽堂前,U20 水上音楽堂前,-1247,-5,945,-1247.2,945.2,35.7095519,139.770762,node/3259269175,4,2024-06-24T08:48:25Z,pending_human_minecraft_confirmation
21,ueno-shortlist-21,ueno-osm-candidate-031,landmark_history,历史 / 地标 / 信息,駅伝の碑,Ekiden monument,U21 駅伝の碑,-1557,-6,802,-1556.1,802.6,35.71208,139.7723442,node/4959495864,4,2019-03-30T15:01:58Z,pending_human_minecraft_confirmation
22,ueno-shortlist-22,ueno-osm-candidate-033,landmark_history,历史 / 地标 / 信息,高橋尚子 (マラソン),Naoko Takahashi,U22 高橋尚子 (マラソン),-1471,-5,696,-1471.0,696.5,35.7113381,139.7733995,node/5126077187,2,2018-12-12T06:31:31Z,pending_human_minecraft_confirmation
23,ueno-shortlist-23,ueno-osm-candidate-034,landmark_history,历史 / 地标 / 信息,スッポン感謝之塔,スッポン感謝之塔,U23 スッポン感謝之塔,-1554,-6,891,-1553.6,890.8,35.7120875,139.771439,node/4994842570,4,2022-10-15T02:54:38Z,pending_human_minecraft_confirmation
24,ueno-shortlist-24,ueno-osm-candidate-035,landmark_history,历史 / 地标 / 信息,パンダ,パンダ,U24 パンダ,-1365,-5,685,-1364.6,684.8,35.7104482,139.7734784,node/4893262458,1,2017-06-03T06:37:38Z,pending_human_minecraft_confirmation
25,ueno-shortlist-25,ueno-osm-candidate-036,landmark_history,历史 / 地标 / 信息,上野恩賜公園,上野恩賜公園,U25 上野恩賜公園,-1414,-5,678,-1414.3,677.9,35.7108599,139.7735687,node/4990012580,2,2017-07-29T05:36:38Z,pending_human_minecraft_confirmation
26,ueno-shortlist-26,ueno-osm-candidate-038,landmark_history,历史 / 地标 / 信息,不忍池,不忍池,U26 不忍池,-1582,-7,851,-1580.8,854.4,35.7123024,139.7718226,node/6515739586,1,2019-06-02T01:16:50Z,pending_human_minecraft_confirmation
27,ueno-shortlist-27,ueno-osm-candidate-039,landmark_history,历史 / 地标 / 信息,五条天神社旧社地跡,五条天神社旧社地跡,U27 五条天神社旧社地跡,-1430,-6,590,-1429.9,590.2,35.7109626,139.7744744,node/6515752985,1,2019-06-02T01:42:45Z,pending_human_minecraft_confirmation
28,ueno-shortlist-28,ueno-osm-candidate-040,landmark_history,历史 / 地标 / 信息,日蓮上人,日蓮上人,U28 日蓮上人,-1139,-7,568,-1139.4,566.5,35.7085352,139.7746046,node/5463286254,2,2018-03-08T03:57:50Z,pending_human_minecraft_confirmation
29,ueno-shortlist-29,ueno-osm-candidate-044,landmark_history,历史 / 地标 / 信息,蓮観察ゾーン,蓮観察ゾーン,U29 蓮観察ゾーン,-1298,-6,840,-1301.2,840.4,35.7099693,139.7718571,node/4976749505,2,2023-09-19T13:47:30Z,pending_human_minecraft_confirmation
30,ueno-shortlist-30,ueno-osm-candidate-045,landmark_history,历史 / 地标 / 信息,鳥塚,鳥塚,U30 鳥塚,-1543,-6,933,-1542.6,934.9,35.7120096,139.7709814,node/4959476014,3,2017-11-21T12:30:06Z,pending_human_minecraft_confirmation
31,ueno-shortlist-31,ueno-osm-candidate-047,worship,寺社 / 宗教,大黒天堂,Daikokuten Temple,U31 大黒天堂,-1604,-7,897,-1607.2,889.5,35.7125336,139.7714722,way/91725751,24,2023-08-22T03:37:39Z,pending_human_minecraft_confirmation
32,ueno-shortlist-32,ueno-osm-candidate-048,worship,寺社 / 宗教,石橋稲荷,Ishibashi Inari,U32 石橋稲荷,-1140,-7,572,-1137.1,573.4,35.708518,139.7745328,node/5463263862,3,2018-12-12T06:31:34Z,pending_human_minecraft_confirmation
33,ueno-shortlist-33,ueno-osm-candidate-049,worship,寺社 / 宗教,摩利支天徳大寺,Marishiten Tokudaiji,U33 摩利支天徳大寺,-1146,-4,582,-1145.9,582.0,35.7085939,139.7744479,way/530688843,5,2023-11-09T06:37:16Z,pending_human_minecraft_confirmation
34,ueno-shortlist-34,ueno-osm-candidate-050,worship,寺社 / 宗教,不忍池弁天堂,Shinobazunoike Bentendo,U34 不忍池弁天堂,-1555,-7,920,-1554.7,919.9,35.7121054,139.7711402,node/5628181023,5,2022-06-17T00:11:08Z,pending_human_minecraft_confirmation
35,ueno-shortlist-35,ueno-osm-candidate-054,park_nature,公园 / 自然,Golf PARK,Golf PARK,U35 Golf PARK,-1131,-7,626,-1129.6,613.9,35.7084683,139.7741143,node/5336209461,1,2018-01-13T05:52:59Z,pending_human_minecraft_confirmation
36,ueno-shortlist-36,ueno-osm-candidate-055,park_nature,公园 / 自然,吉野の山桜,Yoshino cerasus jamasakura,U36 吉野の山桜,-1245,-6,1015,-1245.0,1015.3,35.7095561,139.7700414,node/4976749504,3,2021-05-10T05:59:59Z,pending_human_minecraft_confirmation
37,ueno-shortlist-37,ueno-osm-candidate-057,street_access,街道 / 步行通道,AMEYOKO PLAZA中央通路,Ameyoko Plaza central corridor,U37 AMEYOKO PLAZA中央通路,-1274,-8,544,-1273.6,544.3,35.7096455,139.7748847,way/547937609,4,2019-01-14T21:45:59Z,pending_human_minecraft_confirmation
38,ueno-shortlist-38,ueno-osm-candidate-058,street_access,街道 / 步行通道,中央通り,Chuo-dori Avenue,U38 中央通り,-1106,-7,712,-1105.9,712.4,35.7083015,139.7730953,way/956154645,4,2022-12-26T10:40:05Z,pending_human_minecraft_confirmation
39,ueno-shortlist-39,ueno-osm-candidate-060,street_access,街道 / 步行通道,春日通り,Kasuga-dori Avenue,U39 春日通り,-1082,-7,870,-1081.6,869.7,35.7081494,139.7714716,way/264459843,14,2022-12-24T20:13:46Z,pending_human_minecraft_confirmation
40,ueno-shortlist-40,ueno-osm-candidate-064,street_access,街道 / 步行通道,天龍橋,天龍橋,U40 天龍橋,-1578,-6,837,-1580.3,837.4,35.7122927,139.7719963,way/153990184,4,2022-10-15T18:54:09Z,pending_human_minecraft_confirmation
41,ueno-shortlist-41,ueno-osm-candidate-065,civic_service,公共服务,英会話イーオン,AEON,U41 英会話イーオン,-1156,-7,735,-1155.2,734.8,35.7087199,139.7728847,node/5002523888,2,2017-10-07T10:30:39Z,pending_human_minecraft_confirmation
42,ueno-shortlist-42,ueno-osm-candidate-066,civic_service,公共服务,文久堂,Bunkyudo,U42 文久堂,-1080,-7,666,-1080.2,666.2,35.7080732,139.7735587,node/2271643266,4,2020-01-26T23:54:08Z,pending_human_minecraft_confirmation
43,ueno-shortlist-43,ueno-osm-candidate-067,civic_service,公共服务,ひとしデンタルクリニック,Hitoshi Dental Clinic,U43 ひとしデンタルクリニック,-1170,-6,1019,-1170.3,1018.9,35.7089354,139.7699752,node/4946863794,4,2021-03-11T05:37:21Z,pending_human_minecraft_confirmation
44,ueno-shortlist-44,ueno-osm-candidate-069,civic_service,公共服务,松田歯科,Matsuda Dental Clinic,U44 松田歯科,-1308,-4,629,-1306.8,624.6,35.7099473,139.7740739,node/5141141721,3,2021-03-11T05:37:21Z,pending_human_minecraft_confirmation
45,ueno-shortlist-45,ueno-osm-candidate-074,civic_service,公共服务,アビバ,アビバ,U45 アビバ,-1205,-6,668,-1208.4,660.9,35.7091396,139.7736628,node/5042281110,1,2017-08-18T06:04:58Z,pending_human_minecraft_confirmation
46,ueno-shortlist-46,ueno-osm-candidate-075,food_commerce,餐饮 / 商业,セブン-イレブン,7-Eleven,U46 セブン-イレブン,-1378,-5,711,-1378.4,712.2,35.7105718,139.7732028,node/4987573156,9,2023-10-29T16:24:01Z,pending_human_minecraft_confirmation
47,ueno-shortlist-47,ueno-osm-candidate-076,food_commerce,餐饮 / 商业,カフェレストラン黒門,Cafe Restaurant Kuromon,U47 カフェレストラン黒門,-1440,-6,728,-1439.4,731.1,35.7110861,139.7730325,node/5202142891,2,2020-04-07T07:31:55Z,pending_human_minecraft_confirmation
48,ueno-shortlist-48,ueno-osm-candidate-081,food_commerce,餐饮 / 商业,洋食 黒船亭,Kurofune-tei,U48 洋食 黒船亭,-1309,-6,719,-1307.9,712.6,35.709985,139.7731709,node/4959835158,3,2019-02-12T07:18:47Z,pending_human_minecraft_confirmation
49,ueno-shortlist-49,ueno-osm-candidate-095,food_commerce,餐饮 / 商业,とんかつ武蔵野,Tonkatsu Musashino,U49 とんかつ武蔵野,-1173,-6,769,-1178.5,768.8,35.7089245,139.7725444,node/5134971276,2,2017-10-07T10:30:41Z,pending_human_minecraft_confirmation
50,ueno-shortlist-50,ueno-osm-candidate-097,food_commerce,餐饮 / 商业,タリーズコーヒー,Tully's Coffee,U50 タリーズコーヒー,-1517,-6,605,-1517.4,604.7,35.7116956,139.7743591,node/3628183617,6,2023-11-09T06:39:22Z,pending_human_minecraft_confirmation
